,ClienteID,TransportadorID,PedidoID,ContaPedidoID,FuncionarioID,FuncionarioVendedor,DataPedido,Ano,Dia,Trimestre,Frete,data_hora_atualizacao
0,1,2,10338,10338,8,8,2007-10-20,2007,20,T4,52.33,2007-10-20
1,3,2,10365,10365,2,2,2007-11-22,2007,22,T4,35.04,2007-11-22
2,5,2,10278,10278,2,2,2007-08-07,2007,7,T3,50.46,2007-08-07
3,5,2,10280,10280,3,3,2007-12-09,2007,9,T4,38.06,2007-12-09
4,5,2,10384,10384,2,2,2007-12-25,2007,25,T4,66.07,2007-12-25
5,19,2,10327,10327,3,3,2007-12-06,2007,6,T4,65.53,2007-12-06
6,19,2,10364,10364,2,2,2007-11-21,2007,21,T4,33.65,2007-11-21
7,19,2,10382,10382,3,3,2007-12-18,2007,18,T4,72.13,2007-12-18
8,21,2,10347,10347,2,2,2007-11-01,2007,1,T4,28.29,2007-11-01
9,23,1,10375,10375,6,6,2007-12-01,2007,1,T4,70.91,2007-12-01
10,25,2,10337,10337,8,8,2007-04-19,2007,19,T2,76.43,2007-04-19
11,29,1,10366,10366,4,4,2007-11-23,2007,23,T4,23.84,2007-11-23
12,32,3,10377,10377,1,1,2007-12-04,2007,4,T4,49.19,2007-12-04
13,33,2,10268,10268,3,3,2007-07-25,2007,25,T3,69.28,2007-07-25
14,37,2,10271,10271,2,2,2007-12-07,2007,7,T4,62.31,2007-12-07
15,37,2,10298,10298,2,2,2007-08-31,2007,31,T3,78.52,2007-08-31
16,37,2,10350,10350,3,3,2007-12-06,2007,6,T4,67.66,2007-12-06
17,39,2,10323,10323,3,3,2007-12-02,2007,2,T4,73.01,2007-12-02
18,41,1,10371,10371,4,4,2007-11-28,2007,28,T4,66.09,2007-11-28
19,42,3,10351,10351,1,1,2007-11-06,2007,6,T4,65.12,2007-11-06
20,44,2,10362,10362,8,8,2007-11-20,2007,20,T4,40.91,2007-11-20
21,46,2,10296,10296,2,2,2007-07-02,2007,2,T3,22.4,2007-07-02
22,46,2,10357,10357,2,2,2007-06-14,2007,14,T2,65.97,2007-06-14
23,46,2,10381,10381,2,2,2007-12-17,2007,17,T4,45.81,2007-12-17
24,49,1,10300,10300,6,6,2007-09-04,2007,4,T3,71.44,2007-09-04
25,51,3,10339,10339,1,1,2007-10-23,2007,23,T4,58.76,2007-10-23
26,61,2,10291,10291,2,2,2007-08-22,2007,22,T3,21.08,2007-08-22
27,61,2,10379,10379,2,2,2007-12-10,2007,10,T4,62.83,2007-12-10
28,63,2,10286,10286,8,8,2007-06-16,2007,16,T2,42.17,2007-06-16
29,65,2,10262,10262,2,2,2007-05-17,2007,17,T2,33.19,2007-05-17
30,67,2,10287,10287,2,2,2007-06-17,2007,17,T2,70.97,2007-06-17
31,73,2,10368,10368,3,3,2007-11-24,2007,24,T4,67.63,2007-11-24
32,75,3,10329,10329,1,1,2007-12-10,2007,10,T4,75.98,2007-12-10
33,75,3,10369,10369,1,1,2007-11-27,2007,27,T4,57.37,2007-11-27
34,80,3,10276,10276,1,1,2007-10-03,2007,3,T4,22.95,2007-10-03
35,89,2,10344,10344,2,2,2007-10-27,2007,27,T4,22.69,2007-10-27
36,91,2,10374,10374,8,8,2007-05-31,2007,31,T2,45.53,2007-05-31
37,1,2,10526,10526,8,8,2008-07-31,2008,31,T3,72.33,2008-07-31
38,3,2,10535,10535,9,9,2008-11-08,2008,8,T4,47.43,2008-11-08
39,5,2,10444,10444,9,9,2008-04-07,2008,7,T2,62.54,2008-04-07
40,5,2,10524,10524,3,3,2008-01-26,2008,26,T1,55.42,2008-01-26
41,7,1,10449,10449,4,4,2008-02-13,2008,13,T1,51.48,2008-02-13
42,7,1,10559,10559,4,4,2008-01-31,2008,31,T1,34.85,2008-01-31
43,7,1,10566,10566,4,4,2008-11-07,2008,7,T4,51.88,2008-11-07
44,10,3,10410,10410,1,1,2008-01-05,2008,5,T1,25.49,2008-01-05
45,11,2,10471,10471,2,2,2008-03-06,2008,6,T1,26.66,2008-03-06
46,12,2,10521,10521,2,2,2008-05-24,2008,24,T2,49.83,2008-05-24
47,13,2,10259,10259,3,3,2008-07-13,2008,13,T3,30.11,2008-07-13
48,15,2,10466,10466,2,2,2008-03-01,2008,1,T1,77.44,2008-03-01
49,15,2,10494,10494,9,9,2008-03-28,2008,28,T1,26.06,2008-03-28
50,16,2,10435,10435,2,2,2008-02-27,2008,27,T1,29.06,2008-02-27
51,16,2,10462,10462,3,3,2008-04-26,2008,26,T2,70.53,2008-04-26
52,17,2,10391,10391,8,8,2008-12-18,2008,18,T4,38.41,2008-12-18
53,19,2,10400,10400,9,9,2008-05-27,2008,27,T2,49.41,2008-05-27
54,19,2,10460,10460,2,2,2008-04-23,2008,23,T2,69.81,2008-04-23
55,19,2,10465,10465,3,3,2008-05-31,2008,31,T2,64.55,2008-05-31
56,19,2,10475,10475,3,3,2008-12-09,2008,9,T4,34.69,2008-12-09
57,19,2,10553,10553,9,9,2008-04-25,2008,25,T2,74.82,2008-04-25
58,19,2,10563,10563,9,9,2008-11-05,2008,5,T4,30.63,2008-11-05
59,20,1,10402,10402,4,4,2008-04-28,2008,28,T2,46.63,2008-04-28
60,20,1,10403,10403,4,4,2008-09-28,2008,28,T3,26.43,2008-09-28
61,21,2,10414,10414,3,3,2008-01-09,2008,9,T1,73.13,2008-01-09
62,23,1,10316,10316,6,6,2008-09-22,2008,22,T3,38.95,2008-09-22
63,23,1,10408,10408,6,6,2008-12-03,2008,3,T4,71.84,2008-12-03
64,23,1,10432,10432,6,6,2008-01-26,2008,26,T1,64.82,2008-01-26
65,23,1,10434,10434,6,6,2008-10-29,2008,29,T4,79.13,2008-10-29
66,23,1,10454,10454,6,6,2008-04-16,2008,16,T2,76.76,2008-04-16
67,23,1,10472,10472,6,6,2008-03-07,2008,7,T1,61.0,2008-03-07
68,23,1,10480,10480,6,6,2008-03-15,2008,15,T1,26.41,2008-03-15
69,23,1,10482,10482,6,6,2008-03-16,2008,16,T1,44.07,2008-03-16
70,23,1,10555,10555,6,6,2008-05-28,2008,28,T2,50.88,2008-05-28
71,23,1,10558,10558,6,6,2008-09-29,2008,29,T3,77.38,2008-09-29
72,24,2,10533,10533,7,7,2008-08-07,2008,7,T3,39.08,2008-08-07
73,25,2,10488,10488,8,8,2008-03-22,2008,22,T1,41.02,2008-03-22
74,25,2,10560,10560,8,8,2008-10-01,2008,1,T4,67.88,2008-10-01
75,27,1,10422,10422,6,6,2008-01-17,2008,17,T1,65.54,2008-01-17
76,28,1,10491,10491,4,4,2008-03-26,2008,26,T1,49.27,2008-03-26
77,28,1,10551,10551,4,4,2008-04-23,2008,23,T2,46.26,2008-04-23
78,29,1,10568,10568,4,4,2008-11-08,2008,8,T4,78.77,2008-11-08
79,31,2,10423,10423,2,2,2008-06-18,2008,18,T2,49.89,2008-06-18
80,32,3,10302,10302,1,1,2008-04-05,2008,5,T2,48.81,2008-04-05
81,32,3,10310,10310,1,1,2008-04-15,2008,15,T2,37.33,2008-04-15
82,32,3,10370,10370,1,1,2008-04-28,2008,28,T2,29.05,2008-04-28
83,32,3,10390,10390,1,1,2008-06-18,2008,18,T2,21.89,2008-06-18
84,32,3,10416,10416,1,1,2008-12-11,2008,11,T4,22.48,2008-12-11
85,32,3,10431,10431,1,1,2008-02-25,2008,25,T1,56.71,2008-02-25
86,32,3,10441,10441,1,1,2008-03-05,2008,5,T1,72.69,2008-03-05
87,32,3,10447,10447,1,1,2008-10-09,2008,9,T4,45.69,2008-10-09
88,32,3,10528,10528,1,1,2008-05-01,2008,1,T2,25.64,2008-05-01
89,32,3,10562,10562,1,1,2008-11-04,2008,4,T4,45.52,2008-11-04
90,34,2,10541,10541,9,9,2008-09-14,2008,14,T3,75.44,2008-09-14
91,35,2,10395,10395,3,3,2008-12-21,2008,21,T4,51.87,2008-12-21
92,35,2,10476,10476,3,3,2008-03-12,2008,12,T1,60.61,2008-03-12
93,35,2,10486,10486,9,9,2008-12-01,2008,1,T4,75.83,2008-12-01
94,35,2,10498,10498,3,3,2008-05-02,2008,2,T2,48.66,2008-05-02
95,35,2,10552,10552,3,3,2008-10-24,2008,24,T4,46.85,2008-10-24
96,36,3,10394,10394,1,1,2008-12-20,2008,20,T4,31.84,2008-12-20
97,37,2,10388,10388,3,3,2008-08-14,2008,14,T3,44.7,2008-08-14
98,37,2,10415,10415,3,3,2008-01-10,2008,10,T1,29.01,2008-01-10
99,37,2,10429,10429,9,9,2008-04-24,2008,24,T2,48.41,2008-04-24
100,37,2,10440,10440,3,3,2008-03-05,2008,5,T1,73.65,2008-03-05
101,37,2,10442,10442,3,3,2008-03-06,2008,6,T1,23.33,2008-03-06
102,37,2,10470,10470,3,3,2008-03-06,2008,6,T1,72.95,2008-03-06
103,37,2,10503,10503,3,3,2008-06-06,2008,6,T2,29.87,2008-06-06
104,37,2,10516,10516,9,9,2008-07-19,2008,19,T3,78.18,2008-07-19
105,37,2,10517,10517,9,9,2008-10-19,2008,19,T4,37.44,2008-10-19
106,37,2,10519,10519,9,9,2008-12-13,2008,13,T4,43.11,2008-12-13
107,37,2,10567,10567,9,9,2008-05-27,2008,27,T2,40.24,2008-05-27
108,38,2,10473,10473,3,3,2008-03-08,2008,8,T1,37.32,2008-03-08
109,39,2,10325,10325,3,3,2008-05-04,2008,4,T2,43.29,2008-05-04
110,39,2,10456,10456,3,3,2008-04-20,2008,20,T2,30.41,2008-04-20
111,39,2,10457,10457,9,9,2008-04-20,2008,20,T2,32.32,2008-04-20
112,39,2,10468,10468,9,9,2008-07-02,2008,2,T3,56.09,2008-07-02
113,39,2,10506,10506,9,9,2008-06-10,2008,10,T2,66.45,2008-06-10
114,39,2,10542,10542,3,3,2008-09-15,2008,15,T3,30.09,2008-09-15
115,41,1,10413,10413,5,5,2008-12-09,2008,9,T4,64.69,2008-12-09
116,41,1,10425,10425,4,4,2008-11-19,2008,19,T4,23.12,2008-11-19
117,42,3,10495,10495,1,1,2008-12-13,2008,13,T4,46.62,2008-12-13
118,42,3,10564,10564,1,1,2008-01-05,2008,5,T1,35.94,2008-01-05
119,43,3,10545,10545,1,1,2008-09-17,2008,17,T3,36.41,2008-09-17
120,44,2,10343,10343,8,8,2008-01-26,2008,26,T1,60.85,2008-01-26
121,44,2,10492,10492,8,8,2008-03-27,2008,27,T1,31.75,2008-03-27
122,44,2,10522,10522,8,8,2008-05-25,2008,25,T2,38.79,2008-05-25
123,44,2,10534,10534,7,7,2008-12-07,2008,7,T4,61.57,2008-12-07
124,46,2,10461,10461,9,9,2008-11-23,2008,23,T4,29.04,2008-11-23
125,46,2,10499,10499,9,9,2008-06-03,2008,3,T2,38.53,2008-06-03
126,46,2,10543,10543,3,3,2008-04-16,2008,16,T2,23.11,2008-04-16
127,47,2,10405,10405,2,2,2008-01-01,2008,1,T1,75.65,2008-01-01
128,47,2,10485,10485,9,9,2008-11-20,2008,20,T4,42.6,2008-11-20
129,48,3,10307,10307,1,1,2008-09-12,2008,12,T3,60.66,2008-09-12
130,48,3,10317,10317,1,1,2008-04-25,2008,25,T2,24.58,2008-04-25
131,48,3,10544,10544,1,1,2008-09-16,2008,16,T3,66.34,2008-09-16
132,49,1,10404,10404,6,6,2008-04-19,2008,19,T2,72.73,2008-04-19
133,49,1,10467,10467,6,6,2008-03-01,2008,1,T1,34.95,2008-03-01
134,51,3,10439,10439,1,1,2008-05-02,2008,2,T2,63.71,2008-05-02
135,51,3,10505,10505,1,1,2008-06-09,2008,9,T2,35.9,2008-06-09
136,51,3,10565,10565,1,1,2008-11-06,2008,6,T4,77.13,2008-11-06
137,54,2,10409,10409,3,3,2008-04-04,2008,4,T2,56.3,2008-04-04
138,56,2,10407,10407,8,8,2008-01-02,2008,2,T1,55.48,2008-01-02
139,56,2,10508,10508,8,8,2008-06-11,2008,11,T2,60.12,2008-06-11
140,58,2,10502,10502,8,8,2008-06-05,2008,5,T2,75.02,2008-06-05
141,59,1,10392,10392,4,4,2008-12-19,2008,19,T4,75.33,2008-12-19
142,59,1,10427,10427,4,4,2008-06-22,2008,22,T2,50.46,2008-06-22
143,59,1,10525,10525,4,4,2008-08-27,2008,27,T3,72.37,2008-08-27
144,59,1,10530,10530,4,4,2008-12-03,2008,3,T4,41.07,2008-12-03
145,60,1,10433,10433,4,4,2008-03-29,2008,29,T1,62.95,2008-03-29
146,61,2,10421,10421,2,2,2008-03-16,2008,16,T1,31.83,2008-03-16
147,62,2,10487,10487,2,2,2008-03-21,2008,21,T1,58.3,2008-03-21
148,63,2,10285,10285,8,8,2008-08-15,2008,15,T3,71.59,2008-08-15
149,63,2,10451,10451,7,7,2008-12-14,2008,14,T4,51.42,2008-12-14
150,63,2,10479,10479,8,8,2008-03-14,2008,14,T1,30.01,2008-03-14
151,63,2,10515,10515,8,8,2008-05-18,2008,18,T2,66.26,2008-05-18
152,63,2,10539,10539,8,8,2008-08-11,2008,11,T3,54.18,2008-08-11
153,63,2,10540,10540,8,8,2008-04-14,2008,14,T2,71.42,2008-04-14
154,65,2,10272,10272,3,3,2008-05-28,2008,28,T2,40.25,2008-05-28
155,67,2,10481,10481,2,2,2008-07-15,2008,15,T3,48.38,2008-07-15
156,68,1,10537,10537,6,6,2008-05-09,2008,9,T2,36.46,2008-05-09
157,71,2,10398,10398,3,3,2008-10-25,2008,25,T4,27.57,2008-10-25
158,71,2,10452,10452,9,9,2008-04-15,2008,15,T2,33.5,2008-04-15
159,73,2,10393,10393,9,9,2008-07-20,2008,20,T3,70.25,2008-07-20
160,73,2,10443,10443,9,9,2008-03-07,2008,7,T1,76.16,2008-03-07
161,73,2,10556,10556,3,3,2008-05-29,2008,29,T2,70.9,2008-05-29
162,79,2,10448,10448,8,8,2008-03-12,2008,12,T1,67.5,2008-03-12
163,79,2,10453,10453,8,8,2008-04-16,2008,16,T2,75.97,2008-04-16
164,79,2,10561,10561,8,8,2008-12-01,2008,1,T4,54.79,2008-12-01
165,80,3,10455,10455,1,1,2008-04-19,2008,19,T2,69.02,2008-04-19
166,80,3,10518,10518,1,1,2008-07-20,2008,20,T3,27.16,2008-07-20
167,82,3,10401,10401,1,1,2008-12-07,2008,7,T4,35.9,2008-12-07
168,82,3,10446,10446,1,1,2008-03-09,2008,9,T1,40.45,2008-03-09
169,82,3,10493,10493,1,1,2008-03-28,2008,28,T1,21.74,2008-03-28
170,82,3,10511,10511,1,1,2008-07-13,2008,13,T3,30.11,2008-07-13
171,82,3,10514,10514,1,1,2008-07-17,2008,17,T3,40.04,2008-07-17
172,84,1,10450,10450,5,5,2008-10-17,2008,17,T4,39.15,2008-10-17
173,84,1,10478,10478,4,4,2008-11-13,2008,13,T4,28.49,2008-11-13
174,84,1,10546,10546,4,4,2008-04-18,2008,18,T2,37.46,2008-04-18
175,87,2,10412,10412,8,8,2008-06-08,2008,8,T2,37.28,2008-06-08
176,89,2,10269,10269,3,3,2008-04-26,2008,26,T2,54.26,2008-04-26
177,89,2,10469,10469,3,3,2008-03-05,2008,5,T1,61.04,2008-03-05
178,89,2,10504,10504,9,9,2008-06-06,2008,6,T2,37.89,2008-06-06
179,1,2,10251,10251,7,7,2009-12-02,2009,2,T4,43.41,2009-12-02
180,1,2,10289,10289,8,8,2009-08-20,2009,20,T3,25.25,2009-08-20
181,1,2,10349,10349,7,7,2009-11-02,2009,2,T4,79.64,2009-11-02
182,1,2,10510,10510,7,7,2009-07-12,2009,12,T3,50.87,2009-07-12
183,1,2,10585,10585,7,7,2009-11-25,2009,25,T4,79.86,2009-11-25
184,1,2,10621,10621,8,8,2009-07-30,2009,30,T3,60.94,2009-07-30
185,1,2,10627,10627,7,7,2009-08-05,2009,5,T3,64.75,2009-08-05
186,1,2,10643,10643,8,8,2009-11-19,2009,19,T4,67.91,2009-11-19
187,1,2,10692,10692,8,8,2009-04-27,2009,27,T2,22.22,2009-04-27
188,1,2,10702,10702,7,7,2009-12-07,2009,7,T4,59.39,2009-12-07
189,1,2,10711,10711,8,8,2009-10-15,2009,15,T4,48.73,2009-10-15
190,1,2,10732,10732,7,7,2009-10-31,2009,31,T4,48.0,2009-10-31
191,1,2,10743,10743,8,8,2009-11-11,2009,11,T4,23.05,2009-11-11
192,1,2,10748,10748,7,7,2009-11-14,2009,14,T4,28.47,2009-11-14
193,1,2,10750,10750,8,8,2009-04-15,2009,15,T2,77.41,2009-04-15
194,1,2,10757,10757,7,7,2009-04-21,2009,21,T2,60.34,2009-04-21
195,1,2,10764,10764,8,8,2009-11-27,2009,27,T4,73.7,2009-11-27
196,2,2,10308,10308,2,2,2009-09-12,2009,12,T3,52.09,2009-09-12
197,2,2,10625,10625,3,3,2009-12-02,2009,2,T4,24.44,2009-12-02
198,2,2,10759,10759,2,2,2009-11-22,2009,22,T4,31.1,2009-11-22
199,3,2,10573,10573,9,9,2009-06-13,2009,13,T2,52.32,2009-06-13
200,3,2,10677,10677,9,9,2009-09-16,2009,16,T3,62.67,2009-09-16
201,3,2,10682,10682,3,3,2009-09-19,2009,19,T3,54.83,2009-09-19
202,4,2,10741,10741,9,9,2009-11-08,2009,8,T4,70.43,2009-11-08
203,5,2,10445,10445,9,9,2009-01-08,2009,8,T1,31.84,2009-01-08
204,5,2,10572,10572,3,3,2009-06-12,2009,12,T2,35.9,2009-06-12
205,5,2,10626,10626,9,9,2009-08-05,2009,5,T3,25.36,2009-08-05
206,5,2,10654,10654,3,3,2009-03-27,2009,27,T1,61.64,2009-03-27
207,5,2,10672,10672,3,3,2009-09-11,2009,11,T3,59.59,2009-09-11
208,5,2,10689,10689,9,9,2009-04-25,2009,25,T2,52.19,2009-04-25
209,5,2,10733,10733,9,9,2009-02-02,2009,2,T1,45.37,2009-02-02
210,5,2,10778,10778,9,9,2009-12-10,2009,10,T4,32.8,2009-12-10
211,6,2,10501,10501,7,7,2009-12-03,2009,3,T4,26.97,2009-12-03
212,6,2,10509,10509,7,7,2009-06-11,2009,11,T2,54.96,2009-06-11
213,7,1,10265,10265,5,5,2009-07-19,2009,19,T3,28.57,2009-07-19
214,7,1,10436,10436,5,5,2009-02-27,2009,27,T1,77.37,2009-02-27
215,7,1,10584,10584,5,5,2009-06-24,2009,24,T2,75.08,2009-06-24
216,7,1,10628,10628,5,5,2009-05-06,2009,6,T2,59.28,2009-05-06
217,7,1,10679,10679,5,5,2009-09-17,2009,17,T3,62.06,2009-09-17
218,8,1,10326,10326,5,5,2009-10-04,2009,4,T4,65.69,2009-10-04
219,9,1,10331,10331,5,5,2009-10-10,2009,10,T4,70.49,2009-10-10
220,9,1,10715,10715,5,5,2009-10-17,2009,17,T4,72.7,2009-10-17
221,11,2,10578,10578,3,3,2009-10-18,2009,18,T4,61.67,2009-10-18
222,11,2,10599,10599,9,9,2009-07-09,2009,9,T3,71.49,2009-07-09
223,12,2,10782,10782,9,9,2009-06-11,2009,11,T2,42.38,2009-06-11
224,14,1,11083,11083,6,6,2009-11-14,2009,14,T4,44.5,2009-11-14
225,17,2,10264,10264,7,7,2009-07-18,2009,18,T3,54.09,2009-07-18
226,17,2,10547,10547,7,7,2009-06-17,2009,17,T2,72.72,2009-06-17
227,17,2,10603,10603,8,8,2009-07-12,2009,12,T3,28.49,2009-07-12
228,17,2,10706,10706,8,8,2009-05-10,2009,10,T2,43.08,2009-05-10
229,17,2,10735,10735,7,7,2009-11-04,2009,4,T4,42.52,2009-11-04
230,17,2,10776,10776,7,7,2009-12-09,2009,9,T4,45.01,2009-12-09
231,17,2,10793,10793,8,8,2009-12-18,2009,18,T4,66.11,2009-12-18
232,18,1,10609,10609,6,6,2009-06-18,2009,18,T2,52.39,2009-06-18
233,18,1,10683,10683,6,6,2009-09-20,2009,20,T3,47.1,2009-09-20
234,19,2,10254,10254,2,2,2009-01-06,2009,6,T1,49.18,2009-01-06
235,19,2,10256,10256,3,3,2009-07-09,2009,9,T3,22.56,2009-07-09
236,19,2,10324,10324,2,2,2009-05-02,2009,2,T2,42.61,2009-05-02
237,19,2,10389,10389,9,9,2009-01-15,2009,15,T1,59.24,2009-01-15
238,19,2,10523,10523,3,3,2009-05-25,2009,25,T2,64.15,2009-05-25
239,19,2,10612,10612,3,3,2009-03-22,2009,22,T1,66.44,2009-03-22
240,19,2,10614,10614,3,3,2009-07-23,2009,23,T3,60.78,2009-07-23
241,19,2,10624,10624,3,3,2009-12-01,2009,1,T4,61.04,2009-12-01
242,19,2,10660,10660,9,9,2009-09-02,2009,2,T3,29.65,2009-09-02
243,19,2,10673,10673,9,9,2009-05-12,2009,12,T2,46.29,2009-05-12
244,19,2,10713,10713,9,9,2009-10-16,2009,16,T4,74.75,2009-10-16
245,19,2,10726,10726,3,3,2009-10-28,2009,28,T4,63.55,2009-10-28
246,19,2,10737,10737,3,3,2009-11-05,2009,5,T4,63.14,2009-11-05
247,19,2,10739,10739,9,9,2009-11-06,2009,6,T4,65.96,2009-11-06
248,19,2,10761,10761,9,9,2009-11-26,2009,26,T4,74.71,2009-11-26
249,19,2,10769,10769,3,3,2009-12-02,2009,2,T4,44.92,2009-12-02
250,19,2,10794,10794,3,3,2009-11-18,2009,18,T4,64.91,2009-11-18
251,20,1,10571,10571,4,4,2009-06-11,2009,11,T2,70.13,2009-06-11
252,20,1,10667,10667,5,5,2009-09-06,2009,6,T3,37.26,2009-09-06
253,20,1,10771,10771,5,5,2009-12-04,2009,4,T4,69.82,2009-12-04
254,21,2,10512,10512,2,2,2009-12-15,2009,15,T4,24.02,2009-12-15
255,21,2,10581,10581,3,3,2009-06-20,2009,20,T2,45.26,2009-06-20
256,21,2,10650,10650,3,3,2009-09-23,2009,23,T3,67.71,2009-09-23
257,21,2,10725,10725,3,3,2009-10-25,2009,25,T4,73.38,2009-10-25
258,23,1,10604,10604,6,6,2009-11-12,2009,12,T4,65.51,2009-11-12
259,23,1,10633,10633,6,6,2009-04-09,2009,9,T2,40.81,2009-04-09
260,23,1,10634,10634,6,6,2009-08-09,2009,9,T3,52.12,2009-08-09
261,23,1,10655,10655,6,6,2009-08-28,2009,28,T3,61.06,2009-08-28
262,23,1,10663,10663,6,6,2009-12-04,2009,4,T4,47.54,2009-12-04
263,23,1,10700,10700,6,6,2009-05-04,2009,4,T2,56.88,2009-05-04
264,23,1,10763,10763,6,6,2009-04-27,2009,27,T2,75.34,2009-04-27
265,23,1,10789,10789,6,6,2009-06-16,2009,16,T2,31.92,2009-06-16
266,24,2,10378,10378,7,7,2009-12-04,2009,4,T4,56.37,2009-12-04
267,24,2,10703,10703,8,8,2009-10-08,2009,8,T4,52.83,2009-10-08
268,24,2,10774,10774,8,8,2009-05-05,2009,5,T2,36.46,2009-05-05
269,25,2,10623,10623,7,7,2009-07-01,2009,1,T3,25.5,2009-07-01
270,25,2,10653,10653,7,7,2009-05-27,2009,27,T2,58.95,2009-05-27
271,25,2,10670,10670,7,7,2009-09-10,2009,10,T3,26.27,2009-09-10
272,25,2,10675,10675,8,8,2009-05-13,2009,13,T2,77.22,2009-05-13
273,25,2,10717,10717,8,8,2009-11-18,2009,18,T4,52.7,2009-11-18
274,25,2,10791,10791,8,8,2009-12-17,2009,17,T4,47.97,2009-12-17
275,26,2,10671,10671,7,7,2009-06-11,2009,11,T2,23.05,2009-06-11
276,27,1,10710,10710,6,6,2009-10-14,2009,14,T4,21.49,2009-10-14
277,27,1,10753,10753,6,6,2009-11-19,2009,19,T4,52.47,2009-11-19
278,28,1,10328,10328,5,5,2009-06-08,2009,8,T2,20.61,2009-06-08
279,30,1,10550,10550,4,4,2009-10-22,2009,22,T4,78.79,2009-10-22
280,30,1,10629,10629,4,4,2009-08-06,2009,6,T3,56.71,2009-08-06
281,31,2,10652,10652,3,3,2009-12-26,2009,26,T4,53.6,2009-12-26
282,31,2,10685,10685,2,2,2009-11-23,2009,23,T4,73.2,2009-11-23
283,31,2,10709,10709,3,3,2009-10-11,2009,11,T4,22.66,2009-10-11
284,31,2,10734,10734,9,9,2009-11-01,2009,1,T4,34.9,2009-11-01
285,31,2,10777,10777,3,3,2009-12-09,2009,9,T4,37.72,2009-12-09
286,31,2,10790,10790,3,3,2009-12-16,2009,16,T4,73.17,2009-12-16
287,32,3,10340,10340,1,1,2009-05-23,2009,23,T2,63.37,2009-05-23
288,32,3,10589,10589,1,1,2009-06-28,2009,28,T2,72.58,2009-06-28
289,32,3,10598,10598,1,1,2009-07-08,2009,8,T3,36.64,2009-07-08
290,32,3,10607,10607,1,1,2009-06-16,2009,16,T2,28.5,2009-06-16
291,32,3,10616,10616,1,1,2009-07-25,2009,25,T3,66.7,2009-07-25
292,32,3,10617,10617,1,1,2009-07-25,2009,25,T3,40.88,2009-07-25
293,32,3,10644,10644,1,1,2009-08-19,2009,19,T3,28.61,2009-08-19
294,32,3,10656,10656,1,1,2009-11-28,2009,28,T4,21.31,2009-11-28
295,32,3,10657,10657,1,1,2009-08-29,2009,29,T3,74.96,2009-08-29
296,32,3,10681,10681,1,1,2009-05-19,2009,19,T2,73.33,2009-05-19
297,32,3,10714,10714,1,1,2009-10-16,2009,16,T4,45.54,2009-10-16
298,32,3,10720,10720,1,1,2009-05-22,2009,22,T2,21.15,2009-05-22
299,32,3,10749,10749,1,1,2009-11-14,2009,14,T4,46.19,2009-11-14
300,32,3,10756,10756,1,1,2009-04-21,2009,21,T2,75.84,2009-04-21
301,32,3,10758,10758,1,1,2009-01-23,2009,23,T1,33.57,2009-01-23
302,33,2,10785,10785,9,9,2009-12-12,2009,12,T4,60.35,2009-12-12
303,34,2,10645,10645,9,9,2009-08-20,2009,20,T3,46.54,2009-08-20
304,34,2,10690,10690,9,9,2009-09-26,2009,26,T3,47.52,2009-09-26
305,34,2,10770,10770,3,3,2009-12-03,2009,3,T4,75.12,2009-12-03
306,34,2,10783,10783,3,3,2009-06-12,2009,12,T2,67.56,2009-06-12
307,35,2,10257,10257,9,9,2009-07-10,2009,10,T3,33.98,2009-07-10
308,35,2,10601,10601,3,3,2009-07-10,2009,10,T3,44.73,2009-07-10
309,35,2,10613,10613,9,9,2009-07-23,2009,23,T3,65.88,2009-07-23
310,35,2,10641,10641,9,9,2009-08-16,2009,16,T3,38.27,2009-08-16
311,35,2,10705,10705,9,9,2009-05-09,2009,9,T2,53.85,2009-05-09
312,37,2,10301,10301,9,9,2009-09-03,2009,3,T3,21.92,2009-09-03
313,37,2,10309,10309,3,3,2009-03-13,2009,13,T1,71.58,2009-03-13
314,37,2,10312,10312,3,3,2009-04-17,2009,17,T2,76.68,2009-04-17
315,37,2,10335,10335,9,9,2009-04-16,2009,16,T2,46.91,2009-04-16
316,37,2,10346,10346,9,9,2009-10-30,2009,30,T4,23.56,2009-10-30
317,37,2,10520,10520,3,3,2009-08-23,2009,23,T3,31.78,2009-08-23
318,37,2,10646,10646,3,3,2009-10-21,2009,21,T4,58.82,2009-10-21
319,37,2,10651,10651,9,9,2009-08-26,2009,26,T3,59.87,2009-08-26
320,37,2,10661,10661,3,3,2009-09-03,2009,3,T3,63.6,2009-09-03
321,37,2,10678,10678,9,9,2009-01-18,2009,18,T1,76.87,2009-01-18
322,37,2,10687,10687,3,3,2009-09-24,2009,24,T3,55.58,2009-09-24
323,37,2,10695,10695,9,9,2009-06-01,2009,1,T2,40.99,2009-06-01
324,37,2,10701,10701,9,9,2009-10-07,2009,7,T4,34.44,2009-10-07
325,37,2,10712,10712,3,3,2009-10-15,2009,15,T4,23.09,2009-10-15
326,37,2,10722,10722,9,9,2009-05-23,2009,23,T2,71.33,2009-05-23
327,37,2,10736,10736,9,9,2009-11-05,2009,5,T4,63.69,2009-11-05
328,37,2,10742,10742,3,3,2009-04-08,2009,8,T2,37.65,2009-04-08
329,37,2,10751,10751,3,3,2009-06-18,2009,18,T2,31.69,2009-06-18
330,37,2,10815,10815,3,3,2009-12-30,2009,30,T4,45.86,2009-12-30
331,38,2,10315,10315,9,9,2009-05-20,2009,20,T2,28.88,2009-05-20
332,39,2,10630,10630,3,3,2009-09-07,2009,7,T3,61.52,2009-09-07
333,39,2,10718,10718,3,3,2009-04-21,2009,21,T2,31.17,2009-04-21
334,41,1,10500,10500,5,5,2009-06-03,2009,3,T2,53.28,2009-06-03
335,41,1,10610,10610,4,4,2009-07-19,2009,19,T3,67.44,2009-07-19
336,42,3,10620,10620,1,1,2009-02-27,2009,27,T1,79.96,2009-02-27
337,42,3,10680,10680,1,1,2009-06-18,2009,18,T2,79.63,2009-06-18
338,44,2,10279,10279,7,7,2009-08-07,2009,7,T3,46.34,2009-08-07
339,44,2,10284,10284,7,7,2009-08-13,2009,13,T3,65.41,2009-08-13
340,44,2,10419,10419,7,7,2009-01-15,2009,15,T1,67.45,2009-01-15
341,44,2,10430,10430,7,7,2009-03-24,2009,24,T1,68.53,2009-03-24
342,44,2,10464,10464,7,7,2009-06-28,2009,28,T2,28.66,2009-06-28
343,44,2,10497,10497,8,8,2009-04-28,2009,28,T2,56.31,2009-04-28
344,44,2,10569,10569,8,8,2009-01-11,2009,11,T1,30.02,2009-01-11
345,44,2,10575,10575,7,7,2009-10-14,2009,14,T4,73.98,2009-10-14
346,44,2,10592,10592,8,8,2009-12-02,2009,2,T4,67.96,2009-12-02
347,44,2,10593,10593,7,7,2009-12-03,2009,3,T4,44.62,2009-12-03
348,44,2,10631,10631,8,8,2009-08-08,2009,8,T3,32.07,2009-08-08
349,44,2,10731,10731,7,7,2009-05-31,2009,31,T2,43.34,2009-05-31
350,44,2,10772,10772,8,8,2009-12-04,2009,4,T4,22.82,2009-12-04
351,44,2,10781,10781,8,8,2009-12-11,2009,11,T4,25.14,2009-12-11
352,45,3,10579,10579,1,1,2009-06-19,2009,19,T2,64.13,2009-06-19
353,45,3,10719,10719,1,1,2009-10-21,2009,21,T4,43.69,2009-10-21
354,46,2,10330,10330,3,3,2009-12-10,2009,10,T4,30.44,2009-12-10
355,46,2,10780,10780,3,3,2009-12-10,2009,10,T4,23.35,2009-12-10
356,47,2,10638,10638,2,2,2009-08-14,2009,14,T3,75.11,2009-08-14
357,47,2,10697,10697,3,3,2009-06-02,2009,2,T2,32.34,2009-06-02
358,47,2,10729,10729,2,2,2009-04-28,2009,28,T2,67.48,2009-04-28
359,48,3,10662,10662,1,1,2009-09-03,2009,3,T3,37.12,2009-09-03
360,48,3,10665,10665,1,1,2009-09-05,2009,5,T3,37.6,2009-09-05
361,49,1,10635,10635,6,6,2009-06-12,2009,12,T2,43.47,2009-06-12
362,49,1,10754,10754,6,6,2009-11-19,2009,19,T4,38.01,2009-11-19
363,49,1,10784,10784,6,6,2009-07-12,2009,12,T3,39.12,2009-07-12
364,50,1,10649,10649,5,5,2009-08-22,2009,22,T3,60.92,2009-08-22
365,50,1,10760,10760,4,4,2009-06-25,2009,25,T2,49.79,2009-06-25
366,51,3,10376,10376,1,1,2009-07-03,2009,3,T3,76.39,2009-07-03
367,51,3,10424,10424,1,1,2009-06-17,2009,17,T2,70.35,2009-06-17
368,51,3,10570,10570,1,1,2009-06-11,2009,11,T2,61.99,2009-06-11
369,51,3,10590,10590,1,1,2009-07-01,2009,1,T3,66.64,2009-07-01
370,51,3,10605,10605,1,1,2009-07-15,2009,15,T3,56.22,2009-07-15
371,51,3,10618,10618,1,1,2009-08-26,2009,26,T3,38.44,2009-08-26
372,51,3,10619,10619,1,1,2009-07-29,2009,29,T3,75.31,2009-07-29
373,51,3,10724,10724,1,1,2009-10-24,2009,24,T4,25.96,2009-10-24
374,52,2,10699,10699,7,7,2009-10-03,2009,3,T4,69.3,2009-10-03
375,53,2,10752,10752,2,2,2009-05-18,2009,18,T2,50.65,2009-05-18
376,56,2,10260,10260,8,8,2009-12-13,2009,13,T4,56.99,2009-12-13
377,56,2,10580,10580,7,7,2009-06-20,2009,20,T2,75.2,2009-06-20
378,56,2,10684,10684,7,7,2009-09-20,2009,20,T3,38.97,2009-09-20
379,56,2,10766,10766,8,8,2009-06-29,2009,29,T2,40.63,2009-06-29
380,58,2,10474,10474,8,8,2009-05-07,2009,7,T2,29.44,2009-05-07
381,59,1,10489,10489,5,5,2009-04-22,2009,22,T2,58.26,2009-04-22
382,59,1,10597,10597,4,4,2009-01-06,2009,6,T1,37.63,2009-01-06
383,59,1,10600,10600,4,4,2009-12-10,2009,10,T4,36.98,2009-12-10
384,59,1,10648,10648,5,5,2009-05-22,2009,22,T2,44.22,2009-05-22
385,59,1,10686,10686,5,5,2009-09-24,2009,24,T3,44.19,2009-09-24
386,59,1,10747,10747,5,5,2009-05-13,2009,13,T2,51.06,2009-05-13
387,59,1,10755,10755,5,5,2009-11-20,2009,20,T4,24.0,2009-11-20
388,59,1,10768,10768,5,5,2009-04-02,2009,2,T2,48.05,2009-04-02
389,59,1,10773,10773,5,5,2009-05-05,2009,5,T2,62.36,2009-05-05
390,60,1,10336,10336,4,4,2009-10-17,2009,17,T4,30.45,2009-10-17
391,61,2,10587,10587,3,3,2009-06-26,2009,26,T2,35.34,2009-06-26
392,61,2,10647,10647,3,3,2009-08-21,2009,21,T3,32.08,2009-08-21
393,62,2,10406,10406,2,2,2009-04-01,2009,1,T2,73.88,2009-04-01
394,62,2,10637,10637,3,3,2009-08-13,2009,13,T3,20.01,2009-08-13
395,62,2,10659,10659,2,2,2009-04-29,2009,29,T2,65.19,2009-04-29
396,62,2,10704,10704,2,2,2009-10-08,2009,8,T4,64.83,2009-10-08
397,62,2,10728,10728,3,3,2009-10-29,2009,29,T4,31.39,2009-10-29
398,62,2,10786,10786,3,3,2009-12-13,2009,13,T4,27.74,2009-12-13
399,63,2,10273,10273,7,7,2009-09-29,2009,29,T3,78.0,2009-09-29
400,63,2,10313,10313,7,7,2009-09-18,2009,18,T3,66.69,2009-09-18
401,63,2,10418,10418,7,7,2009-01-12,2009,12,T1,64.34,2009-01-12
402,63,2,10588,10588,7,7,2009-06-27,2009,27,T2,25.1,2009-06-27
403,63,2,10658,10658,7,7,2009-11-29,2009,29,T4,31.17,2009-11-29
404,63,2,10674,10674,7,7,2009-09-12,2009,12,T3,43.34,2009-09-12
405,63,2,10691,10691,7,7,2009-06-27,2009,27,T2,34.85,2009-06-27
406,63,2,10694,10694,7,7,2009-09-30,2009,30,T3,31.5,2009-09-30
407,63,2,10721,10721,8,8,2009-10-23,2009,23,T4,62.62,2009-10-23
408,63,2,10745,10745,8,8,2009-06-12,2009,12,T2,57.2,2009-06-12
409,63,2,10765,10765,7,7,2009-11-28,2009,28,T4,40.93,2009-11-28
410,63,2,10788,10788,8,8,2009-12-16,2009,16,T4,69.96,2009-12-16
411,63,2,10795,10795,7,7,2009-06-18,2009,18,T2,23.98,2009-06-18
412,64,2,10716,10716,2,2,2009-04-18,2009,18,T2,61.82,2009-04-18
413,66,1,10288,10288,6,6,2009-08-17,2009,17,T3,77.13,2009-08-17
414,67,2,10299,10299,3,3,2009-08-31,2009,31,T3,73.71,2009-08-31
415,68,1,10666,10666,6,6,2009-09-06,2009,6,T3,71.03,2009-09-06
416,69,1,10281,10281,4,4,2009-08-08,2009,8,T3,21.86,2009-08-08
417,69,1,10282,10282,5,5,2009-08-09,2009,9,T3,22.03,2009-08-09
418,70,2,10639,10639,3,3,2009-08-14,2009,14,T3,73.3,2009-08-14
419,72,2,10359,10359,9,9,2009-05-15,2009,15,T2,59.44,2009-05-15
420,73,2,10275,10275,9,9,2009-08-01,2009,1,T3,29.81,2009-08-01
421,73,2,10314,10314,3,3,2009-04-19,2009,19,T2,49.41,2009-04-19
422,73,2,10582,10582,3,3,2009-09-21,2009,21,T3,32.96,2009-09-21
423,73,2,10642,10642,3,3,2009-08-16,2009,16,T3,42.65,2009-08-16
424,73,2,10669,10669,3,3,2009-09-09,2009,9,T3,33.74,2009-09-09
425,73,2,10775,10775,3,3,2009-12-06,2009,6,T4,55.07,2009-12-06
426,73,2,10787,10787,9,9,2009-12-13,2009,13,T4,23.04,2009-12-13
427,74,1,10738,10738,4,4,2009-06-06,2009,6,T2,43.51,2009-06-06
428,76,1,10767,10767,4,4,2009-11-29,2009,29,T4,78.21,2009-11-29
429,79,2,10249,10249,7,7,2009-06-29,2009,29,T2,29.2,2009-06-29
430,79,2,10399,10399,7,7,2009-03-25,2009,25,T1,43.68,2009-03-25
431,79,2,10437,10437,7,7,2009-02-27,2009,27,T1,54.75,2009-02-27
432,79,2,10438,10438,7,7,2009-09-30,2009,30,T3,65.47,2009-09-30
433,79,2,10595,10595,7,7,2009-07-04,2009,4,T3,44.79,2009-07-04
434,79,2,10608,10608,8,8,2009-07-17,2009,17,T3,67.94,2009-07-17
435,79,2,10615,10615,8,8,2009-11-24,2009,24,T4,71.09,2009-11-24
436,79,2,10636,10636,7,7,2009-08-13,2009,13,T3,59.71,2009-08-13
437,79,2,10664,10664,8,8,2009-10-04,2009,4,T4,56.3,2009-10-04
438,79,2,10708,10708,8,8,2009-11-11,2009,11,T4,28.19,2009-11-11
439,79,2,10744,10744,7,7,2009-11-11,2009,11,T4,54.2,2009-11-11
440,80,3,10304,10304,1,1,2009-04-06,2009,6,T2,69.84,2009-04-06
441,80,3,10319,10319,1,1,2009-01-27,2009,27,T1,54.41,2009-01-27
442,80,3,10576,10576,1,1,2009-06-17,2009,17,T2,31.24,2009-06-17
443,80,3,10594,10594,1,1,2009-12-03,2009,3,T4,68.55,2009-12-03
444,80,3,10622,10622,1,1,2009-07-31,2009,31,T3,42.88,2009-07-31
445,80,3,10676,10676,1,1,2009-11-16,2009,16,T4,49.84,2009-11-16
446,80,3,10698,10698,1,1,2009-10-03,2009,3,T4,68.35,2009-10-03
447,80,3,10707,10707,1,1,2009-10-10,2009,10,T4,76.35,2009-10-10
448,80,3,10727,10727,1,1,2009-10-28,2009,28,T4,31.78,2009-10-28
449,80,3,10730,10730,1,1,2009-05-30,2009,30,T2,76.2,2009-05-30
450,80,3,10762,10762,1,1,2009-11-26,2009,26,T4,76.47,2009-11-26
451,81,2,10292,10292,2,2,2009-08-22,2009,22,T3,78.59,2009-08-22
452,81,2,10496,10496,2,2,2009-04-28,2009,28,T2,65.67,2009-04-28
453,81,2,10606,10606,2,2,2009-12-16,2009,16,T4,77.76,2009-12-16
454,82,3,10574,10574,1,1,2009-12-13,2009,13,T4,71.84,2009-12-13
455,82,3,10577,10577,1,1,2009-06-17,2009,17,T2,33.52,2009-06-17
456,82,3,10586,10586,1,1,2009-11-26,2009,26,T4,57.06,2009-11-26
457,82,3,10602,10602,1,1,2009-07-11,2009,11,T3,47.74,2009-07-11
458,82,3,10746,10746,1,1,2009-11-13,2009,13,T4,34.33,2009-11-13
459,82,3,10779,10779,1,1,2009-05-10,2009,10,T2,32.38,2009-05-10
460,84,1,10334,10334,5,5,2009-07-15,2009,15,T3,41.01,2009-07-15
461,84,1,10459,10459,5,5,2009-04-21,2009,21,T2,26.28,2009-04-21
462,84,1,10814,10814,4,4,2009-12-30,2009,30,T4,76.36,2009-12-30
463,86,2,10356,10356,7,7,2009-01-13,2009,13,T1,43.26,2009-01-13
464,86,2,10632,10632,7,7,2009-08-08,2009,8,T3,63.3,2009-08-08
465,86,2,10640,10640,8,8,2009-08-15,2009,15,T3,53.05,2009-08-15
466,86,2,10668,10668,8,8,2009-03-09,2009,9,T1,22.86,2009-03-09
467,87,2,10320,10320,8,8,2009-09-27,2009,27,T3,44.05,2009-09-27
468,87,2,10583,10583,7,7,2009-06-24,2009,24,T2,62.91,2009-06-24
469,89,2,10483,10483,2,2,2009-04-18,2009,18,T2,36.66,2009-04-18
470,89,2,10596,10596,3,3,2009-07-05,2009,5,T3,57.12,2009-07-05
471,89,2,10693,10693,2,2,2009-09-30,2009,30,T3,25.54,2009-09-30
472,89,2,10696,10696,3,3,2009-10-02,2009,2,T4,40.47,2009-10-02
473,89,2,10723,10723,2,2,2009-10-24,2009,24,T4,37.82,2009-10-24
474,89,2,10740,10740,3,3,2009-06-07,2009,7,T2,25.96,2009-06-07
475,91,2,10611,10611,8,8,2009-07-19,2009,19,T3,38.74,2009-07-19
476,91,2,10792,10792,8,8,2009-07-17,2009,17,T3,25.3,2009-07-17
477,127,2,10591,10591,3,3,2009-10-01,2009,1,T4,49.54,2009-10-01
478,127,2,10688,10688,3,3,2009-04-25,2009,25,T2,50.83,2009-04-25
479,1,2,10277,10277,7,7,2010-08-04,2010,4,T3,77.65,2010-08-04
480,1,2,10290,10290,7,7,2010-08-22,2010,22,T3,58.77,2010-08-22
481,1,2,10463,10463,8,8,2010-11-29,2010,29,T4,40.58,2010-11-29
482,1,2,10812,10812,7,7,2010-04-28,2010,28,T2,28.2,2010-04-28
483,1,2,10813,10813,8,8,2010-11-30,2010,30,T4,53.36,2010-11-30
484,1,2,10835,10835,7,7,2010-01-09,2010,9,T1,45.71,2010-01-09
485,1,2,10852,10852,8,8,2010-01-20,2010,20,T1,68.0,2010-01-20
486,1,2,10905,10905,7,7,2010-05-19,2010,19,T2,60.73,2010-05-19
487,1,2,10909,10909,8,8,2010-05-21,2010,21,T2,77.43,2010-05-21
488,1,2,10952,10952,7,7,2010-03-11,2010,11,T1,78.07,2010-03-11
489,1,2,10990,10990,8,8,2010-03-27,2010,27,T1,30.9,2010-03-27
490,1,2,10994,10994,7,7,2010-10-28,2010,28,T4,28.57,2010-10-28
491,1,2,11005,11005,8,8,2010-05-02,2010,2,T2,24.92,2010-05-02
492,1,2,11011,11011,7,7,2010-11-04,2010,4,T4,44.28,2010-11-04
493,1,2,11051,11051,8,8,2010-04-22,2010,22,T2,76.13,2010-04-22
494,1,2,11064,11064,7,7,2010-05-26,2010,26,T2,51.2,2010-05-26
495,2,2,10926,10926,3,3,2010-07-30,2010,30,T3,59.53,2010-07-30
496,3,2,10507,10507,3,3,2010-12-10,2010,10,T4,37.11,2010-12-10
497,3,2,10856,10856,9,9,2010-01-22,2010,22,T1,39.03,2010-01-22
498,4,2,10248,10248,2,2,2010-06-29,2010,29,T2,43.48,2010-06-29
499,4,2,10864,10864,3,3,2010-06-28,2010,28,T2,32.43,2010-06-28
500,4,2,10953,10953,9,9,2010-03-11,2010,11,T1,29.59,2010-03-11
501,5,2,10837,10837,9,9,2010-01-10,2010,10,T1,25.42,2010-01-10
502,5,2,10857,10857,3,3,2010-07-23,2010,23,T3,38.51,2010-07-23
503,5,2,10866,10866,3,3,2010-03-29,2010,29,T1,46.54,2010-03-29
504,5,2,10875,10875,9,9,2010-06-01,2010,1,T2,51.98,2010-06-01
505,5,2,10924,10924,3,3,2010-02-28,2010,28,T1,31.99,2010-02-28
506,6,2,10853,10853,8,8,2010-01-21,2010,21,T1,48.8,2010-01-21
507,6,2,10956,10956,8,8,2010-04-12,2010,12,T2,55.03,2010-04-12
508,6,2,11058,11058,7,7,2010-04-24,2010,24,T2,57.52,2010-04-24
509,7,1,10297,10297,4,4,2010-04-29,2010,29,T2,52.73,2010-04-29
510,7,1,10360,10360,5,5,2010-01-16,2010,16,T1,26.24,2010-01-16
511,7,1,10826,10826,4,4,2010-12-07,2010,7,T4,68.66,2010-12-07
512,8,1,10801,10801,4,4,2010-12-24,2010,24,T4,74.91,2010-12-24
513,8,1,10970,10970,4,4,2010-03-19,2010,19,T1,50.83,2010-03-19
514,9,1,10876,10876,4,4,2010-08-04,2010,4,T3,26.13,2010-08-04
515,9,1,11076,11076,5,5,2010-05-17,2010,17,T2,58.43,2010-05-17
516,10,3,10411,10411,1,1,2010-12-05,2010,5,T4,61.5,2010-12-05
517,10,3,10949,10949,1,1,2010-12-08,2010,8,T4,31.41,2010-12-08
518,10,3,11027,11027,1,1,2010-04-11,2010,11,T2,45.87,2010-04-11
519,10,3,11045,11045,1,1,2010-04-18,2010,18,T2,42.4,2010-04-18
520,10,3,11048,11048,1,1,2010-04-19,2010,19,T2,41.68,2010-04-19
521,11,2,10947,10947,3,3,2010-09-08,2010,8,T3,48.47,2010-09-08
522,12,2,10819,10819,2,2,2010-06-02,2010,2,T2,42.97,2010-06-02
523,12,2,10881,10881,3,3,2010-08-06,2010,6,T3,43.45,2010-08-06
524,12,2,10937,10937,9,9,2010-05-05,2010,5,T2,49.25,2010-05-05
525,12,2,11054,11054,9,9,2010-04-23,2010,23,T2,66.77,2010-04-23
526,15,2,10969,10969,9,9,2010-09-18,2010,18,T3,34.54,2010-09-18
527,16,2,10848,10848,3,3,2010-11-18,2010,18,T4,64.28,2010-11-18
528,17,2,10258,10258,7,7,2010-07-12,2010,12,T3,68.14,2010-07-12
529,17,2,10363,10363,8,8,2010-02-20,2010,20,T1,36.54,2010-02-20
530,17,2,10538,10538,7,7,2010-07-10,2010,10,T3,28.79,2010-07-10
531,17,2,10797,10797,8,8,2010-12-20,2010,20,T4,79.24,2010-12-20
532,17,2,10824,10824,7,7,2010-01-03,2010,3,T1,26.47,2010-01-03
533,17,2,10825,10825,8,8,2010-07-04,2010,4,T3,60.79,2010-07-04
534,17,2,10827,10827,7,7,2010-04-07,2010,7,T2,59.59,2010-04-07
535,17,2,10894,10894,7,7,2010-08-13,2010,13,T3,42.05,2010-08-13
536,17,2,10916,10916,8,8,2010-04-22,2010,22,T2,72.45,2010-04-22
537,17,2,11008,11008,7,7,2010-04-03,2010,3,T2,39.69,2010-04-03
538,17,2,11036,11036,8,8,2010-05-15,2010,15,T2,46.78,2010-05-15
539,17,2,11067,11067,8,8,2010-05-01,2010,1,T2,32.88,2010-05-01
540,18,1,10311,10311,6,6,2010-09-15,2010,15,T3,22.76,2010-09-15
541,18,1,10890,10890,6,6,2010-04-11,2010,11,T2,57.94,2010-04-11
542,19,2,10294,10294,2,2,2010-04-25,2010,25,T2,35.17,2010-04-25
543,19,2,10532,10532,9,9,2010-08-04,2010,4,T3,78.04,2010-08-04
544,19,2,10804,10804,3,3,2010-01-24,2010,24,T1,25.71,2010-01-24
545,19,2,10808,10808,3,3,2010-12-27,2010,27,T4,25.87,2010-12-27
546,19,2,10884,10884,9,9,2010-07-07,2010,7,T3,43.67,2010-07-07
547,19,2,10895,10895,9,9,2010-04-13,2010,13,T2,37.91,2010-04-13
548,19,2,10933,10933,3,3,2010-03-01,2010,1,T1,32.82,2010-03-01
549,19,2,10955,10955,9,9,2010-03-12,2010,12,T1,59.3,2010-03-12
550,19,2,10980,10980,3,3,2010-10-22,2010,22,T4,26.34,2010-10-22
551,19,2,10983,10983,9,9,2010-10-22,2010,22,T4,53.64,2010-10-22
552,19,2,10987,10987,3,3,2010-06-26,2010,26,T2,46.81,2010-06-26
553,19,2,11015,11015,9,9,2010-04-05,2010,5,T2,42.24,2010-04-05
554,19,2,11024,11024,3,3,2010-04-10,2010,10,T2,27.01,2010-04-10
555,19,2,11043,11043,9,9,2010-04-17,2010,17,T2,39.19,2010-04-17
556,19,2,11047,11047,3,3,2010-12-19,2010,19,T4,21.76,2010-12-19
557,19,2,11056,11056,3,3,2010-01-22,2010,22,T1,74.83,2010-01-22
558,19,2,11059,11059,9,9,2010-05-24,2010,24,T2,75.66,2010-05-24
559,20,1,10854,10854,5,5,2010-01-21,2010,21,T1,70.27,2010-01-21
560,21,2,10386,10386,2,2,2010-03-28,2010,28,T1,67.33,2010-03-28
561,22,1,11078,11078,4,4,2010-01-23,2010,23,T1,50.0,2010-01-23
562,22,1,11082,11082,4,4,2010-03-24,2010,24,T1,23.89,2010-03-24
563,23,1,10805,10805,6,6,2010-03-25,2010,25,T1,53.7,2010-03-25
564,23,1,10966,10966,6,6,2010-03-15,2010,15,T1,23.19,2010-03-15
565,23,1,10975,10975,6,6,2010-10-20,2010,20,T4,43.24,2010-10-20
566,23,1,11030,11030,6,6,2010-04-12,2010,12,T2,32.34,2010-04-12
567,23,1,11038,11038,6,6,2010-04-16,2010,16,T2,31.88,2010-04-16
568,23,1,11046,11046,6,6,2010-06-18,2010,18,T2,54.31,2010-06-18
569,23,1,11050,11050,6,6,2010-10-22,2010,22,T4,74.8,2010-10-22
570,24,2,10880,10880,7,7,2010-02-04,2010,4,T1,74.98,2010-02-04
571,24,2,10902,10902,7,7,2010-02-17,2010,17,T1,67.01,2010-02-17
572,24,2,11001,11001,8,8,2010-12-01,2010,1,T4,33.18,2010-12-01
573,25,2,10267,10267,8,8,2010-01-23,2010,23,T1,49.7,2010-01-23
574,25,2,10342,10342,7,7,2010-10-25,2010,25,T4,77.29,2010-10-25
575,25,2,10396,10396,7,7,2010-07-22,2010,22,T3,52.14,2010-07-22
576,25,2,10859,10859,8,8,2010-02-23,2010,23,T1,64.1,2010-02-23
577,25,2,10929,10929,8,8,2010-04-30,2010,30,T2,26.25,2010-04-30
578,25,2,11012,11012,7,7,2010-04-04,2010,4,T2,41.48,2010-04-04
579,26,2,10860,10860,7,7,2010-01-23,2010,23,T1,51.61,2010-01-23
580,26,2,10971,10971,8,8,2010-09-19,2010,19,T3,22.41,2010-09-19
581,27,1,10807,10807,6,6,2010-06-26,2010,26,T2,47.88,2010-06-26
582,27,1,11026,11026,6,6,2010-05-10,2010,10,T2,73.39,2010-05-10
583,27,1,11060,11060,6,6,2010-04-25,2010,25,T2,73.95,2010-04-25
584,28,1,10352,10352,5,5,2010-12-07,2010,7,T4,57.21,2010-12-07
585,28,1,10963,10963,5,5,2010-03-14,2010,14,T1,73.12,2010-03-14
586,29,1,10426,10426,5,5,2010-02-21,2010,21,T1,26.05,2010-02-21
587,29,1,10887,10887,5,5,2010-08-08,2010,8,T3,77.14,2010-08-08
588,29,1,10928,10928,4,4,2010-03-01,2010,1,T1,76.32,2010-03-01
589,30,1,10303,10303,5,5,2010-04-06,2010,6,T2,63.01,2010-04-06
590,30,1,10872,10872,5,5,2010-11-30,2010,30,T4,22.92,2010-11-30
591,30,1,10888,10888,5,5,2010-03-11,2010,11,T1,32.12,2010-03-11
592,30,1,10911,10911,5,5,2010-05-21,2010,21,T2,35.87,2010-05-21
593,30,1,10948,10948,5,5,2010-03-08,2010,8,T1,30.03,2010-03-08
594,30,1,11009,11009,4,4,2010-04-03,2010,3,T2,69.21,2010-04-03
595,30,1,11037,11037,4,4,2010-04-16,2010,16,T2,70.66,2010-04-16
596,31,2,10959,10959,9,9,2010-03-13,2010,13,T1,26.74,2010-03-13
597,31,2,11049,11049,9,9,2010-07-19,2010,19,T3,21.83,2010-07-19
598,32,3,10513,10513,1,1,2010-07-17,2010,17,T3,53.37,2010-07-17
599,32,3,10816,10816,1,1,2010-07-01,2010,1,T3,31.89,2010-07-01
600,32,3,10831,10831,1,1,2010-07-09,2010,9,T3,78.1,2010-07-09
601,32,3,10855,10855,1,1,2010-06-22,2010,22,T2,48.14,2010-06-22
602,32,3,10869,10869,1,1,2010-07-30,2010,30,T3,44.38,2010-07-30
603,32,3,10873,10873,1,1,2010-06-01,2010,1,T2,40.54,2010-06-01
604,32,3,10936,10936,1,1,2010-03-04,2010,4,T1,57.08,2010-03-04
605,32,3,10941,10941,1,1,2010-08-06,2010,6,T3,69.94,2010-08-06
606,32,3,10945,10945,1,1,2010-07-07,2010,7,T3,26.55,2010-07-07
607,32,3,10968,10968,1,1,2010-04-18,2010,18,T2,37.77,2010-04-18
608,32,3,10979,10979,1,1,2010-05-21,2010,21,T2,72.67,2010-05-21
609,32,3,10988,10988,1,1,2010-03-26,2010,26,T1,41.89,2010-03-26
610,32,3,11006,11006,1,1,2010-06-02,2010,2,T2,65.67,2010-06-02
611,32,3,11040,11040,1,1,2010-05-17,2010,17,T2,50.6,2010-05-17
612,32,3,11061,11061,1,1,2010-04-25,2010,25,T2,25.77,2010-04-25
613,32,3,11072,11072,1,1,2010-05-11,2010,11,T2,69.62,2010-05-11
614,33,2,10984,10984,3,3,2010-05-25,2010,25,T2,31.11,2010-05-25
615,34,2,10250,10250,2,2,2010-07-03,2010,3,T3,79.17,2010-07-03
616,34,2,10253,10253,3,3,2010-07-05,2010,5,T3,66.54,2010-07-05
617,34,2,10886,10886,3,3,2010-04-08,2010,8,T2,30.11,2010-04-08
618,34,2,10903,10903,3,3,2010-08-19,2010,19,T3,37.24,2010-08-19
619,34,2,10922,10922,9,9,2010-08-26,2010,26,T3,69.37,2010-08-26
620,34,2,10925,10925,9,9,2010-02-28,2010,28,T1,67.89,2010-02-28
621,34,2,10981,10981,9,9,2010-12-02,2010,2,T4,67.07,2010-12-02
622,34,2,11022,11022,9,9,2010-11-09,2010,9,T4,41.27,2010-11-09
623,34,2,11052,11052,3,3,2010-05-22,2010,22,T2,54.23,2010-05-22
624,35,2,10490,10490,9,9,2010-03-26,2010,26,T1,56.23,2010-03-26
625,35,2,10796,10796,3,3,2010-06-20,2010,20,T2,67.39,2010-06-20
626,35,2,10863,10863,9,9,2010-07-28,2010,28,T3,52.24,2010-07-28
627,35,2,10901,10901,3,3,2010-08-18,2010,18,T3,21.92,2010-08-18
628,35,2,10957,10957,3,3,2010-05-13,2010,13,T2,48.63,2010-05-13
629,35,2,10960,10960,3,3,2010-09-14,2010,14,T3,69.03,2010-09-14
630,35,2,10976,10976,9,9,2010-03-20,2010,20,T1,76.17,2010-03-20
631,35,2,11055,11055,9,9,2010-04-23,2010,23,T2,54.57,2010-04-23
632,37,2,10355,10355,3,3,2010-04-10,2010,10,T2,75.77,2010-04-10
633,37,2,10373,10373,9,9,2010-11-30,2010,30,T4,25.5,2010-11-30
634,37,2,10380,10380,9,9,2010-12-12,2010,12,T4,77.11,2010-12-12
635,37,2,10420,10420,9,9,2010-01-15,2010,15,T1,79.18,2010-01-15
636,37,2,10458,10458,9,9,2010-04-21,2010,21,T2,63.98,2010-04-21
637,37,2,10800,10800,9,9,2010-12-21,2010,21,T4,51.05,2010-12-21
638,37,2,10897,10897,9,9,2010-08-14,2010,14,T3,47.05,2010-08-14
639,37,2,10912,10912,3,3,2010-08-21,2010,21,T3,59.74,2010-08-21
640,37,2,10946,10946,9,9,2010-09-07,2010,7,T3,47.58,2010-09-07
641,37,2,10985,10985,9,9,2010-05-25,2010,25,T2,72.53,2010-05-25
642,37,2,11000,11000,3,3,2010-06-01,2010,1,T2,77.16,2010-06-01
643,37,2,11002,11002,9,9,2010-01-31,2010,31,T1,43.9,2010-01-31
644,37,2,11003,11003,3,3,2010-04-01,2010,1,T2,28.52,2010-04-01
645,37,2,11034,11034,9,9,2010-04-15,2010,15,T2,54.81,2010-04-15
646,37,2,11063,11063,3,3,2010-04-25,2010,25,T2,75.08,2010-04-25
647,38,2,10321,10321,3,3,2010-04-28,2010,28,T2,39.56,2010-04-28
648,38,2,10798,10798,9,9,2010-05-21,2010,21,T2,72.95,2010-05-21
649,38,2,10829,10829,9,9,2010-01-07,2010,7,T1,67.88,2010-01-07
650,39,2,10799,10799,9,9,2010-06-21,2010,21,T2,38.38,2010-06-21
651,39,2,10817,10817,3,3,2010-07-01,2010,1,T3,52.68,2010-07-01
652,39,2,10849,10849,9,9,2010-01-17,2010,17,T1,39.15,2010-01-17
653,39,2,10893,10893,9,9,2010-02-12,2010,12,T1,68.97,2010-02-12
654,39,2,11028,11028,9,9,2010-12-11,2010,11,T4,47.74,2010-12-11
655,40,1,10858,10858,5,5,2010-01-23,2010,23,T1,71.69,2010-01-23
656,40,1,10927,10927,5,5,2010-08-31,2010,31,T3,26.94,2010-08-31
657,40,1,10972,10972,4,4,2010-03-19,2010,19,T1,50.66,2010-03-19
658,40,1,10973,10973,5,5,2010-03-19,2010,19,T1,79.19,2010-03-19
659,41,1,10832,10832,5,5,2010-01-08,2010,8,T1,30.97,2010-01-08
660,41,1,10923,10923,4,4,2010-07-26,2010,26,T3,76.9,2010-07-26
661,42,3,10810,10810,1,1,2010-12-27,2010,27,T4,58.1,2010-12-27
662,42,3,10836,10836,1,1,2010-07-11,2010,11,T3,76.57,2010-07-11
663,42,3,10851,10851,1,1,2010-09-21,2010,21,T3,30.43,2010-09-21
664,42,3,10932,10932,1,1,2010-05-01,2010,1,T2,37.35,2010-05-01
665,42,3,10943,10943,1,1,2010-03-06,2010,6,T1,30.3,2010-03-06
666,42,3,11016,11016,1,1,2010-04-05,2010,5,T2,73.93,2010-04-05
667,42,3,11031,11031,1,1,2010-04-12,2010,12,T2,28.48,2010-04-12
668,44,2,10536,10536,7,7,2010-06-09,2010,9,T2,58.11,2010-06-09
669,44,2,10557,10557,7,7,2010-10-29,2010,29,T4,76.7,2010-10-29
670,44,2,10862,10862,7,7,2010-01-24,2010,24,T1,76.44,2010-01-24
671,44,2,10891,10891,8,8,2010-08-12,2010,12,T3,77.77,2010-08-12
672,44,2,10908,10908,7,7,2010-08-21,2010,21,T3,73.21,2010-08-21
673,44,2,10934,10934,7,7,2010-11-04,2010,4,T4,57.17,2010-11-04
674,44,2,10992,10992,8,8,2010-04-27,2010,27,T2,40.64,2010-04-27
675,44,2,11017,11017,7,7,2010-12-08,2010,8,T4,49.81,2010-12-08
676,44,2,11070,11070,8,8,2010-05-08,2010,8,T2,44.07,2010-05-08
677,46,2,10283,10283,2,2,2010-08-11,2010,11,T3,66.34,2010-08-11
678,46,2,10823,10823,9,9,2010-01-03,2010,3,T1,53.04,2010-01-03
679,46,2,10899,10899,3,3,2010-08-15,2010,15,T3,25.47,2010-08-15
680,46,2,10997,10997,9,9,2010-11-28,2010,28,T4,21.62,2010-11-28
681,46,2,11065,11065,3,3,2010-11-26,2010,26,T4,64.04,2010-11-26
682,46,2,11071,11071,9,9,2010-11-09,2010,9,T4,27.5,2010-11-09
683,47,2,10811,10811,3,3,2010-06-28,2010,28,T2,40.63,2010-06-28
684,47,2,10838,10838,9,9,2010-05-14,2010,14,T2,45.91,2010-05-14
685,47,2,10840,10840,9,9,2010-06-14,2010,14,T2,60.14,2010-06-14
686,47,2,10919,10919,3,3,2010-02-24,2010,24,T1,58.44,2010-02-24
687,47,2,10954,10954,3,3,2010-06-12,2010,12,T2,28.77,2010-06-12
688,47,2,11014,11014,3,3,2010-04-05,2010,5,T2,79.78,2010-04-05
689,47,2,11039,11039,3,3,2010-04-16,2010,16,T2,25.61,2010-04-16
690,48,3,10867,10867,1,1,2010-07-29,2010,29,T3,37.25,2010-07-29
691,48,3,11018,11018,1,1,2010-07-08,2010,8,T3,45.7,2010-07-08
692,49,1,10818,10818,6,6,2010-07-02,2010,2,T3,58.64,2010-07-02
693,49,1,10939,10939,6,6,2010-03-05,2010,5,T1,34.2,2010-03-05
694,49,1,10950,10950,6,6,2010-12-11,2010,11,T4,58.68,2010-12-11
695,50,1,10529,10529,5,5,2010-12-02,2010,2,T4,40.32,2010-12-02
696,50,1,10896,10896,4,4,2010-03-14,2010,14,T1,56.57,2010-03-14
697,51,3,10332,10332,1,1,2010-10-12,2010,12,T4,22.5,2010-10-12
698,53,2,11057,11057,2,2,2010-04-24,2010,24,T2,68.79,2010-04-24
699,54,2,10531,10531,3,3,2010-08-03,2010,3,T3,21.39,2010-08-03
700,54,2,10898,10898,3,3,2010-02-14,2010,14,T1,29.47,2010-02-14
701,54,2,10958,10958,3,3,2010-06-13,2010,13,T2,53.25,2010-06-13
702,54,2,10986,10986,3,3,2010-03-25,2010,25,T1,61.59,2010-03-25
703,55,3,11079,11079,1,1,2010-04-13,2010,13,T2,49.5,2010-04-13
704,56,2,10554,10554,7,7,2010-05-25,2010,25,T2,29.16,2010-05-25
705,56,2,10833,10833,8,8,2010-05-10,2010,10,T2,76.36,2010-05-10
706,56,2,10999,10999,7,7,2010-11-28,2010,28,T4,53.8,2010-11-28
707,56,2,11020,11020,7,7,2010-01-08,2010,8,T1,63.08,2010-01-08
708,58,2,10322,10322,7,7,2010-09-29,2010,29,T3,24.83,2010-09-29
709,58,2,10354,10354,7,7,2010-05-09,2010,9,T2,25.0,2010-05-09
710,58,2,10995,10995,8,8,2010-03-28,2010,28,T1,35.77,2010-03-28
711,58,2,11073,11073,8,8,2010-05-04,2010,4,T2,25.62,2010-05-04
712,59,1,10353,10353,5,5,2010-11-08,2010,8,T4,33.28,2010-11-08
713,59,1,10484,10484,5,5,2010-04-19,2010,19,T2,34.67,2010-04-19
714,59,1,10828,10828,4,4,2010-01-07,2010,7,T1,78.73,2010-01-07
715,59,1,10844,10844,4,4,2010-04-16,2010,16,T2,69.16,2010-04-16
716,59,1,10882,10882,4,4,2010-04-06,2010,6,T2,52.68,2010-04-06
717,59,1,11042,11042,5,5,2010-04-17,2010,17,T2,35.5,2010-04-17
718,59,1,11053,11053,4,4,2010-04-22,2010,22,T2,63.94,2010-04-22
719,59,1,11062,11062,5,5,2010-05-25,2010,25,T2,71.22,2010-05-25
720,60,1,10397,10397,5,5,2010-08-20,2010,20,T3,33.73,2010-08-20
721,60,1,10477,10477,5,5,2010-05-12,2010,12,T2,50.67,2010-05-12
722,60,1,11007,11007,4,4,2010-10-03,2010,3,T4,69.59,2010-10-03
723,61,2,10261,10261,2,2,2010-07-14,2010,14,T3,63.78,2010-07-14
724,61,2,10989,10989,3,3,2010-03-26,2010,26,T1,62.0,2010-03-26
725,62,2,10372,10372,2,2,2010-07-30,2010,30,T3,30.16,2010-07-30
726,62,2,10868,10868,3,3,2010-02-28,2010,28,T1,24.03,2010-02-28
727,62,2,10913,10913,3,3,2010-02-20,2010,20,T1,40.33,2010-02-20
728,62,2,10914,10914,3,3,2010-08-22,2010,22,T3,72.38,2010-08-22
729,62,2,10961,10961,3,3,2010-03-14,2010,14,T1,74.31,2010-03-14
730,62,2,11068,11068,3,3,2010-05-02,2010,2,T2,45.77,2010-05-02
731,63,2,10263,10263,7,7,2010-07-18,2010,18,T3,30.64,2010-07-18
732,63,2,10345,10345,7,7,2010-11-28,2010,28,T4,68.67,2010-11-28
733,63,2,10361,10361,7,7,2010-11-28,2010,28,T4,55.52,2010-11-28
734,63,2,10527,10527,8,8,2010-07-31,2010,31,T3,50.43,2010-07-31
735,63,2,10549,10549,8,8,2010-04-22,2010,22,T2,60.32,2010-04-22
736,63,2,10845,10845,7,7,2010-07-16,2010,16,T3,47.94,2010-07-16
737,63,2,10865,10865,8,8,2010-06-28,2010,28,T2,23.51,2010-06-28
738,63,2,10871,10871,8,8,2010-05-31,2010,31,T2,54.62,2010-05-31
739,63,2,10878,10878,7,7,2010-08-05,2010,5,T3,55.53,2010-08-05
740,63,2,10883,10883,7,7,2010-08-07,2010,7,T3,58.13,2010-08-07
741,63,2,10920,10920,8,8,2010-08-26,2010,26,T3,49.83,2010-08-26
742,63,2,10938,10938,7,7,2010-08-05,2010,5,T3,30.44,2010-08-05
743,63,2,10962,10962,7,7,2010-09-14,2010,14,T3,24.88,2010-09-14
744,63,2,10991,10991,8,8,2010-04-27,2010,27,T2,63.32,2010-04-27
745,63,2,10996,10996,7,7,2010-03-28,2010,28,T1,32.59,2010-03-28
746,63,2,11021,11021,8,8,2010-04-09,2010,9,T2,51.74,2010-04-09
747,64,2,11019,11019,3,3,2010-06-08,2010,8,T2,20.36,2010-06-08
748,65,2,10820,10820,3,3,2010-07-02,2010,2,T3,66.11,2010-07-02
749,66,1,10428,10428,6,6,2010-02-22,2010,22,T1,65.62,2010-02-22
750,66,1,10942,10942,6,6,2010-06-06,2010,6,T2,65.71,2010-06-06
751,66,1,11010,11010,6,6,2010-04-04,2010,4,T2,37.02,2010-04-04
752,67,2,10877,10877,3,3,2010-07-04,2010,4,T3,44.17,2010-07-04
753,68,1,10255,10255,6,6,2010-06-07,2010,7,T2,43.89,2010-06-07
754,68,1,10931,10931,6,6,2010-03-01,2010,1,T1,54.14,2010-03-01
755,68,1,11075,11075,6,6,2010-11-08,2010,8,T4,39.35,2010-11-08
756,69,1,10306,10306,5,5,2010-12-11,2010,11,T4,67.37,2010-12-11
757,69,1,10917,10917,5,5,2010-02-24,2010,24,T1,21.46,2010-02-24
758,69,1,11013,11013,4,4,2010-04-04,2010,4,T2,32.37,2010-04-04
759,73,2,10318,10318,9,9,2010-09-26,2010,26,T3,58.04,2010-09-26
760,73,2,10341,10341,3,3,2010-10-24,2010,24,T4,30.83,2010-10-24
761,73,2,10387,10387,9,9,2010-01-12,2010,12,T1,37.76,2010-01-12
762,73,2,10417,10417,9,9,2010-01-10,2010,10,T1,29.88,2010-01-10
763,73,2,10802,10802,9,9,2010-09-24,2010,24,T3,74.76,2010-09-24
764,73,2,10803,10803,3,3,2010-12-25,2010,25,T4,36.49,2010-12-25
765,73,2,10841,10841,9,9,2010-01-14,2010,14,T1,43.65,2010-01-14
766,73,2,10889,10889,3,3,2010-08-11,2010,11,T3,64.34,2010-08-11
767,73,2,10892,10892,3,3,2010-02-11,2010,11,T1,40.44,2010-02-11
768,73,2,10900,10900,9,9,2010-02-14,2010,14,T1,32.36,2010-02-14
769,73,2,10940,10940,9,9,2010-09-06,2010,6,T3,70.49,2010-09-06
770,73,2,10951,10951,9,9,2010-03-11,2010,11,T1,30.61,2010-03-11
771,73,2,10978,10978,9,9,2010-10-21,2010,21,T4,42.06,2010-10-21
772,73,2,11004,11004,9,9,2010-10-02,2010,2,T4,78.29,2010-10-02
773,73,2,11023,11023,3,3,2010-04-09,2010,9,T2,73.49,2010-04-09
774,73,2,11074,11074,3,3,2010-05-05,2010,5,T2,66.2,2010-05-05
775,73,2,11077,11077,9,9,2010-11-30,2010,30,T4,64.93,2010-11-30
776,74,1,10907,10907,4,4,2010-02-19,2010,19,T1,72.85,2010-02-19
777,74,1,10964,10964,4,4,2010-12-15,2010,15,T4,44.33,2010-12-15
778,75,3,10385,10385,1,1,2010-05-28,2010,28,T2,53.13,2010-05-28
779,75,3,10821,10821,1,1,2010-05-03,2010,3,T2,78.52,2010-05-03
780,75,3,10974,10974,1,1,2010-03-20,2010,20,T1,55.91,2010-03-20
781,76,1,10252,10252,5,5,2010-04-04,2010,4,T2,23.2,2010-04-04
782,76,1,10846,10846,4,4,2010-01-16,2010,16,T1,57.51,2010-01-16
783,76,1,10885,10885,4,4,2010-08-07,2010,7,T3,48.54,2010-08-07
784,76,1,11035,11035,5,5,2010-10-15,2010,15,T4,38.64,2010-10-15
785,77,3,11080,11080,1,1,2010-05-25,2010,25,T2,27.96,2010-05-25
786,78,3,11081,11081,1,1,2010-12-11,2010,11,T4,12.45,2010-12-11
787,79,2,10295,10295,7,7,2010-08-28,2010,28,T3,71.49,2010-08-28
788,79,2,10367,10367,7,7,2010-02-22,2010,22,T1,56.88,2010-02-22
789,79,2,10548,10548,7,7,2010-06-21,2010,21,T2,20.88,2010-06-21
790,79,2,10809,10809,7,7,2010-12-27,2010,27,T4,24.92,2010-12-27
791,79,2,10879,10879,7,7,2010-02-04,2010,4,T1,69.5,2010-02-04
792,79,2,10944,10944,8,8,2010-03-07,2010,7,T1,71.52,2010-03-07
793,79,2,10965,10965,8,8,2010-09-15,2010,15,T3,56.62,2010-09-15
794,79,2,10967,10967,8,8,2010-09-18,2010,18,T3,38.06,2010-09-18
795,79,2,11029,11029,8,8,2010-05-11,2010,11,T2,21.35,2010-05-11
796,80,3,10293,10293,1,1,2010-06-24,2010,24,T2,76.28,2010-06-24
797,80,3,10305,10305,1,1,2010-09-08,2010,8,T3,66.61,2010-09-08
798,80,3,10842,10842,1,1,2010-07-15,2010,15,T3,54.66,2010-07-15
799,80,3,10847,10847,1,1,2010-06-17,2010,17,T2,29.84,2010-06-17
800,80,3,10915,10915,1,1,2010-02-21,2010,21,T1,24.52,2010-02-21
801,80,3,10982,10982,1,1,2010-03-22,2010,22,T1,20.53,2010-03-22
802,80,3,10993,10993,1,1,2010-03-27,2010,27,T1,55.53,2010-03-27
803,80,3,11041,11041,1,1,2010-04-17,2010,17,T2,64.44,2010-04-17
804,80,3,11069,11069,1,1,2010-05-04,2010,4,T2,34.81,2010-05-04
805,81,2,10830,10830,2,2,2010-05-08,2010,8,T2,64.98,2010-05-08
806,81,2,10834,10834,3,3,2010-07-10,2010,10,T3,66.49,2010-07-10
807,81,2,10839,10839,9,9,2010-05-14,2010,14,T2,53.41,2010-05-14
808,82,3,10358,10358,1,1,2010-04-15,2010,15,T2,61.24,2010-04-15
809,82,3,10383,10383,1,1,2010-04-20,2010,20,T2,57.13,2010-04-20
810,82,3,10822,10822,1,1,2010-07-03,2010,3,T3,67.33,2010-07-03
811,82,3,10918,10918,1,1,2010-08-01,2010,1,T3,34.42,2010-08-01
812,82,3,10930,10930,1,1,2010-12-01,2010,1,T4,47.7,2010-12-01
813,82,3,10935,10935,1,1,2010-05-04,2010,4,T2,45.44,2010-05-04
814,82,3,10977,10977,1,1,2010-03-21,2010,21,T1,65.21,2010-03-21
815,82,3,11033,11033,1,1,2010-05-12,2010,12,T2,72.57,2010-05-12
816,84,1,10806,10806,4,4,2010-12-26,2010,26,T4,38.16,2010-12-26
817,84,1,10843,10843,4,4,2010-01-15,2010,15,T1,46.32,2010-01-15
818,84,1,10850,10850,4,4,2010-01-17,2010,17,T1,58.8,2010-01-17
819,85,1,10274,10274,5,5,2010-08-01,2010,1,T3,35.09,2010-08-01
820,86,2,10348,10348,7,7,2010-05-02,2010,2,T2,34.34,2010-05-02
821,87,2,10266,10266,8,8,2010-07-21,2010,21,T3,32.72,2010-07-21
822,87,2,10270,10270,7,7,2010-07-27,2010,27,T3,21.29,2010-07-27
823,87,2,10333,10333,7,7,2010-04-13,2010,13,T2,56.23,2010-04-13
824,87,2,11025,11025,7,7,2010-05-10,2010,10,T2,61.15,2010-05-10
825,88,2,10874,10874,2,2,2010-01-31,2010,31,T1,21.48,2010-01-31
826,89,2,10861,10861,3,3,2010-05-25,2010,25,T2,44.72,2010-05-25
827,89,2,10904,10904,3,3,2010-02-18,2010,18,T1,72.68,2010-02-18
828,89,2,11032,11032,9,9,2010-05-12,2010,12,T2,30.6,2010-05-12
829,89,2,11066,11066,9,9,2010-04-26,2010,26,T2,57.37,2010-04-26
830,90,2,10910,10910,9,9,2010-08-21,2010,21,T3,30.08,2010-08-21
831,91,2,10870,10870,8,8,2010-03-30,2010,30,T1,23.47,2010-03-30
832,91,2,10906,10906,8,8,2010-08-20,2010,20,T3,44.09,2010-08-20
833,91,2,10998,10998,8,8,2010-03-29,2010,29,T1,45.73,2010-03-29
834,91,2,11044,11044,8,8,2010-05-18,2010,18,T2,59.53,2010-05-18
835,127,2,10921,10921,3,3,2010-04-26,2010,26,T2,53.78,2010-04-26
